INSERT INTO users values (1,'Aitor','Eizmendi','Hulio10','aitor.eizmendi@alumni.mondragon.edu','osasuna');
INSERT INTO users values (2,'Joseba','Carnicero','Hulio12','joseba.carnicero@alumni.mondragon.edu','osasuna');
INSERT INTO users values (3,'Marcos','Azcarate','Hulio14','marcos.azcarate@alumni.mondragon.edu','osasuna');
INSERT INTO warehouseOperator values (1,'Jon','Mugica','ScrumBanBoy','123456789',true);

INSERT INTO vehicles values (1,false,'parking 1',0.00);
INSERT INTO vehicles values (2,false,'parking 2',0.00);
INSERT INTO vehicles values (3,false,'parking 3',0.00);
INSERT INTO vehicles values (4,false,'parking 4',0.00);
INSERT INTO vehicles values (5,false,'parking 5',0.00);

INSERT INTO category values ('Video games');
INSERT INTO category values ('Cinema, TV and Music');

INSERT INTO category values ('Furniture');
INSERT INTO category values ('Books');

INSERT INTO category values ('Electronics');
INSERT INTO category values ('Computing');

INSERT INTO category values ('Sports');
INSERT INTO category values ('Fashion');

INSERT INTO product values (1,'Video games','Xbox one + Fornite','250',239.00,1);
INSERT INTO product values (2,'Video games','forza Horizon','250',47.99,1);
INSERT INTO product values (3,'Video games','PlayStation 4 + Fornite','250',239.00,1);
INSERT INTO product values (4,'Video games','Fifa 19','250',59.50,1);
INSERT INTO product values (5,'Video games','Nintendo Switch + Mario Kart','250',359.50,1);
INSERT INTO product values (11,'Cinema, TV and Music','Game of thrones seasons 1 to 8','250',60.00,1);
INSERT INTO product values (12,'Cinema, TV and Music','Vikings seasons 1 to 5','250',47.99,1);
INSERT INTO product values (13,'Cinema, TV and Music','Megalodon','250',14.99,1);
INSERT INTO product values (14,'Cinema, TV and Music','Rounders','250',14.95,1);
INSERT INTO product values (15,'Cinema, TV and Music','AC-DC cd','250',17.50,1);

INSERT INTO product values (21,'Furniture','Furniture for TV','220',134.66,2);
INSERT INTO product values (22,'Furniture','Hoi from library','220',499.99,2);
INSERT INTO product values (31,'Books','The Assassination of Pythagoras','220',18.90,2);
INSERT INTO product values (32,'Books','The infinite joke','220',27.99,2);
INSERT INTO product values (33,'Books','Guinness world records 2019','220',24.60,2);

INSERT INTO product values (41,'Electronics','Smart TV 50"','220',499.99,3);
INSERT INTO product values (42,'Electronics','Speakers system','220',99.99,3);
INSERT INTO product values (43,'Electronics','Optoma H183X - Proyector','220',483.60,3);
INSERT INTO product values (51,'Computing','Lenovo Yoga 530-14ARR - Portátil','220',585.95,3);
INSERT INTO product values (52,'Computing','Samsung Galaxy Tab A - Tablet','220',201.60,3);
INSERT INTO product values (53,'Computing','Windows 10 Home','220',11.60,3);

INSERT INTO product values (61,'Sports','Paddle Shovel - Head"','220',79.99,4);
INSERT INTO product values (62,'Sports','Game of golf clubs','220',309.00,4);
INSERT INTO product values (63,'Sports','Osasuna football shirt','220',65.60,4);
INSERT INTO product values (71,'Fashion','New Balance sneakers','220',75.95,4);
INSERT INTO product values (72,'Fashion','Ankle boots women','220',99.99,4);




