INSERT INTO users values (1,'Aitor','Eizmendi','Hulio10','aitor.eizmendi@alumni.mondragon.edu','osasuna');
INSERT INTO users values (1,'Marcos','Azcarate','Hulio12','joseba.carnicero@alumni.mondragon.edu','osasuna');
INSERT INTO users values (1,'Marcos','Azcarate','Hulio14','marcos.azcarate@alumni.mondragon.edu','osasuna');
INSERT INTO warehouseOperator values (1,'Jon','Mugica','ScrumBanBoy','123456789',true);

INSERT INTO vehicles values (1,false,'parking 1',0.00); --true/working false/parking
INSERT INTO vehicles values (2,false,'parking 2',0.00);
INSERT INTO vehicles values (3,false,'parking 3',0.00);
INSERT INTO vehicles values (4,false,'parking 4',0.00);
INSERT INTO vehicles values (5,false,'parking 5',0.00);

INSERT INTO category values ('Video games');
INSERT INTO category values ('Cinema, TV and Music');

INSERT INTO category values ('Home, Garden');
INSERT INTO category values ('Books');

INSERT INTO category values ('Electronics');
INSERT INTO category values ('Computing');

INSERT INTO category values ('Sports');
INSERT INTO category values ('Fashion');

INSERT INTO product values (1,'Video games','Xbox one + Fornite','50',239.00,'Warehouse 1');
INSERT INTO product values (2,'Video games','forza Horizon','50',47.99,'Warehouse 1');
INSERT INTO product values (3,'Video games','PlayStation 4 + Fornite','50',239.00,'Warehouse 1');
INSERT INTO product values (4,'Video games','Fifa 19','50',59.50,'Warehouse 1');
INSERT INTO product values (5,'Video games','Nintendo Switch + Mario Kart','50',359.50,'Warehouse 1');
INSERT INTO product values (11,'TV','Game of thrones seasons 1 to 8','50',60.00,'Warehouse 1');
INSERT INTO product values (12,'TV','Vikings seasons 1 to 5','50',47.99,'Warehouse 1');
INSERT INTO product values (13,'Cinema','Megalodon','50',14.99,'Warehouse 1');
INSERT INTO product values (14,'Cinema','Rounders','50',14.95,'Warehouse 1');
INSERT INTO product values (15,'Music','AC-DC cd','50',17.50,'Warehouse 1');

INSERT INTO product values (21,'Home','Washing machine','20',321.66,'Warehouse 2');
INSERT INTO product values (22,'Home','Refrigerator','20',47.99,'Warehouse 2');
INSERT INTO product values (23,'Garden','Mower','20',500,'Warehouse 2');
INSERT INTO product values (31,'Books','The Assassination of Pythagoras','20',18.90,'Warehouse 2');
INSERT INTO product values (32,'Books','The infinite joke','20',27.99,'Warehouse 2');
INSERT INTO product values (33,'Books','Guinness world records 2019','20',24.60,'Warehouse 2');

INSERT INTO product values (41,'Electronics','Smart TV 50"','20',499.99,'Warehouse 3');
INSERT INTO product values (42,'Electronics','Speakers system','20',99.99,'Warehouse 3');
INSERT INTO product values (43,'Electronics','Optoma H183X - Proyector','20',483.60,'Warehouse 3');
INSERT INTO product values (51,'Computing','Lenovo Yoga 530-14ARR - Portátil','20',585.95,'Warehouse 3');
INSERT INTO product values (52,'Computing','Samsung Galaxy Tab A - Tablet','20',201.60,'Warehouse 3');
INSERT INTO product values (53,'Computing','Windows 10 Home','20',11.60,'Warehouse 3');

INSERT INTO product values (61,'Sports','Paddle Shovel - Head"','20',79.99,'Warehouse 4');
INSERT INTO product values (62,'Sports','Game of golf clubs','20',309.00,'Warehouse 4');
INSERT INTO product values (63,'Sports','Osasuna football shirt','20',65.60,'Warehouse 4');
INSERT INTO product values (71,'Fashion','New Balance sneakers','20',75.95,'Warehouse 4');
INSERT INTO product values (72,'Fashion','Ankle boots women','20',99.99,'Warehouse 4');