INSERT INTO users(name,surname,userName,email,password,gender,born_date) values ('Aitor','Eizmendi','Hulio10','aitor.eizmendi@alumni.mondragon.edu','osasuna','male','1997-01-01');
INSERT INTO users(name,surname,userName,email,password,gender,born_date) values ('Joseba','Carnicero','Hulio12','joseba.carnicero@alumni.mondragon.edu','osasuna','female','1998-02-6');
INSERT INTO users(name,surname,userName,email,password,gender,born_date) values ('Marcos','Azcarate','Hulio14','marcos.azcarate@alumni.mondragon.edu','osasuna','female','1997-02-29');
INSERT INTO warehouseOperator values (1,'Jon','Mugica','ScrumBanBoy','123456789',true);

INSERT INTO vehicles values (1,false,'parking 1',0.00);
INSERT INTO vehicles values (2,false,'parking 2',0.00);
INSERT INTO vehicles values (3,false,'parking 3',0.00);
INSERT INTO vehicles values (4,false,'parking 4',0.00);
INSERT INTO vehicles values (5,false,'parking 5',0.00);

INSERT INTO category values ('Video games');
INSERT INTO category values ('Cinema, TV and Music');

INSERT INTO category values ('Furniture');
INSERT INTO category values ('Books');

INSERT INTO category values ('Electronics');
INSERT INTO category values ('Computing');

INSERT INTO category values ('Sports');
INSERT INTO category values ('Fashion');

INSERT INTO category values ('Home and Garden');
INSERT INTO category values ('School supplies');

INSERT INTO product values (1,'Video games','Xbox one + Fornite','250',239.00,1);
INSERT INTO product values (2,'Video games','forza Horizon','250',47.99,1);
INSERT INTO product values (3,'Video games','PlayStation 4 + Fornite','250',239.00,1);
INSERT INTO product values (4,'Video games','Fifa 19','250',59.50,1);
INSERT INTO product values (5,'Video games','Nintendo Switch + Mario Kart','250',359.50,1);
INSERT INTO product values (6,'Video games','Darksouls III','250',59.99,1);

INSERT INTO product values (11,'Cinema, TV and Music','Game of thrones seasons 1 to 8','250',60.00,1);
INSERT INTO product values (12,'Cinema, TV and Music','Vikings seasons 1 to 5','250',47.99,1);
INSERT INTO product values (13,'Cinema, TV and Music','Megalodon','250',14.99,1);
INSERT INTO product values (14,'Cinema, TV and Music','Rounders','250',14.95,1);
INSERT INTO product values (15,'Cinema, TV and Music','AC-DC cd','250',17.50,1);
INSERT INTO product values (16,'Cinema, TV and Music','Fast and Furious 8','250',25.00,1);

INSERT INTO product values (21,'Furniture','3-Piece Cobalt Reclining Sectional Living Room','220',799.99,2);
INSERT INTO product values (22,'Furniture','Hoi from library','220',499.99,2);
INSERT INTO product values (23,'Furniture','Ashton Sofa','220',350.75,2);
INSERT INTO product values (24,'Furniture','Six-Piece Microfiber 168 Power Reclining Sectional in Gray','220',500.66,2);
INSERT INTO product values (25,'Furniture','Modern Single Sofa','220',112.25,2);
INSERT INTO product values (26,'Furniture','Red Furniture','220',320.00,2);

INSERT INTO product values (31,'Books','The Assassination of Pythagoras','220',18.90,2);
INSERT INTO product values (32,'Books','The infinite joke','220',27.99,2);
INSERT INTO product values (33,'Books','Guinness world records 2019','220',24.60,2);
INSERT INTO product values (34,'Books','Pride and Prejudice','220',25.60,2);
INSERT INTO product values (35,'Books','Moby-Dick','220',21.60,2);
INSERT INTO product values (36,'Books','The Curious Case of Benjamin Button','220',19.60,2);

INSERT INTO product values (41,'Electronics','Smart TV 50"','220',499.99,3);
INSERT INTO product values (42,'Electronics','Speakers system','220',99.99,3);
INSERT INTO product values (43,'Electronics','Optoma H183X - Proyector','220',483.60,3);
INSERT INTO product values (44,'Electronics','SmartWatch','220',183.60,3);
INSERT INTO product values (45,'Electronics','iPhone 8','220',883.60,3);
INSERT INTO product values (46,'Electronics','Samsung Galaxy s8','220',633.60,3);

INSERT INTO product values (51,'Computing','Lenovo Yoga 530-14ARR - Portátil','220',585.95,3);
INSERT INTO product values (52,'Computing','Samsung Galaxy Tab A - Tablet','220',201.60,3);
INSERT INTO product values (53,'Computing','Windows 10 Home','220',11.60,3);
INSERT INTO product values (54,'Computing','Macbook Pro','220',1111.60,3);
INSERT INTO product values (55,'Computing','iPad','220',320.60,3);
INSERT INTO product values (56,'Computing','msi - Portatil','220',920.60,3);

INSERT INTO product values (61,'Sports','Paddle Shovel - Head"','220',79.99,4);
INSERT INTO product values (62,'Sports','Game of golf clubs','220',309.00,4);
INSERT INTO product values (63,'Sports','Osasuna football shirt','220',65.60,4);
INSERT INTO product values (64,'Sports','Milwaukee Bucks T-Shirt Antetokoumpo','220',60.60,4);
INSERT INTO product values (65,'Sports','Kneepads','220',20.20,4);
INSERT INTO product values (66,'Sports','Raquet','220',45.50,4);

INSERT INTO product values (71,'Fashion','New Balance sneakers','220',75.95,4);
INSERT INTO product values (72,'Fashion','Ankle boots women','220',99.99,4);
INSERT INTO product values (73,'Fashion','Men Boots','220',120.00,4);
INSERT INTO product values (74,'Fashion','Pink Dress','220',80.00,4);
INSERT INTO product values (75,'Fashion','Black Jeans','220',25.00,4);
INSERT INTO product values (76,'Fashion','Tracksuit Adidas','220',80.90,4);

INSERT INTO product values (81,'Home and Garden','Flower Pot Lima','220', 609,5);
INSERT INTO product values (82,'Home and Garden','Watering can ','220',5.95,5);
INSERT INTO product values (83,'Home and Garden','Insecticide','220',25.40,5);
INSERT INTO product values (84,'Home and Garden','Garden gnome','220',60.00,5);
INSERT INTO product values (85,'Home and Garden','Budha','220',140.00,5);
INSERT INTO product values (86,'Home and Garden','Roomba vacuum cleaner ','220',250.00,5);

INSERT INTO product values (91,'School supplies','electric pencil sharpener','220',399.00,6);
INSERT INTO product values (92,'School supplies','4 color pen','220',4.75,6);
INSERT INTO product values (93,'School supplies','Nemo School bag','220', 25.00,6);
INSERT INTO product values (94,'School supplies','School folder','220',14.00,6);
INSERT INTO product values (95,'School supplies','Rubber milan','220',2.5,6);
INSERT INTO product values (96,'School supplies','Compass','220',17.48,6);